buffer_size,episode,episode_length,episode_reward,fps,frame,step,total_time
50.0,1.0,100.0,14.0,2.6009933474525493,100,50.0,38.44685745239258
100.0,2.0,100.0,0.0,135.07546802801534,200,100.0,39.1871862411499
150.0,3.0,100.0,14.0,128.14911883243045,300,150.0,39.967528104782104
200.0,4.0,100.0,19.0,124.16648115079835,400,200.0,40.77289962768555
250.0,5.0,100.0,0.0,123.26899553924366,500,250.0,41.58413577079773
300.0,6.0,100.0,0.0,128.5089295589865,600,300.0,42.362292766571045
350.0,7.0,100.0,0.0,132.2692433227637,700,350.0,43.118327617645264
400.0,8.0,100.0,0.0,126.69209588029824,800,400.0,43.90764498710632
450.0,9.0,100.0,0.0,135.57100865406557,900,450.0,44.64526700973511
500.0,10.0,100.0,0.0,134.46725619798147,1000,500.0,45.388943672180176
550.0,11.0,100.0,0.0,125.94735938098687,1100,550.0,46.18292713165283
600.0,12.0,100.0,0.0,126.50630826815946,1200,600.0,46.973402976989746
650.0,13.0,100.0,8.0,122.95025214114041,1300,650.0,47.78674101829529
700.0,14.0,100.0,0.0,124.7800071340193,1400,700.0,48.58815264701843
750.0,15.0,100.0,0.0,126.38630667159238,1500,750.0,49.37937903404236
800.0,16.0,100.0,0.0,126.98433458703866,1600,800.0,50.166879177093506
850.0,17.0,100.0,0.0,126.04618413369664,1700,850.0,50.960240602493286
900.0,18.0,100.0,0.0,122.11121213523957,1800,900.0,51.77916717529297
950.0,19.0,100.0,0.0,122.58820654820255,1900,950.0,52.59490776062012
1000.0,20.0,100.0,0.0,129.00569164830196,2000,1000.0,53.37006855010986
1050.0,21.0,100.0,0.0,3.722286439976269,2100,1050.0,80.23527789115906
1100.0,22.0,100.0,0.0,71.3536771274282,2200,1100.0,81.63674831390381
1150.0,23.0,100.0,13.0,72.14358594715908,2300,1150.0,83.02287411689758
1200.0,24.0,100.0,0.0,68.9304022670115,2400,1200.0,84.47361421585083
1250.0,25.0,100.0,0.0,71.54131185725797,2500,1250.0,85.87140917778015
1300.0,26.0,100.0,0.0,71.86478337696481,2600,1300.0,87.26291346549988
1350.0,27.0,100.0,0.0,70.59292411928497,2700,1350.0,88.67948698997498
1400.0,28.0,100.0,0.0,73.96611454746653,2800,1400.0,90.03145837783813
1450.0,29.0,100.0,0.0,71.81544118692013,2900,1450.0,91.42391777038574
1500.0,30.0,100.0,0.0,71.19572652909494,3000,1500.0,92.8284981250763
1550.0,31.0,100.0,0.0,72.15180161722544,3100,1550.0,94.21446561813354
1600.0,32.0,100.0,0.0,71.90911374240608,3200,1600.0,95.6051115989685
1650.0,33.0,100.0,0.0,71.10137093307259,3300,1650.0,97.01155543327332
1700.0,34.0,100.0,0.0,68.56809173006793,3400,1700.0,98.46996092796326
1750.0,35.0,100.0,0.0,69.38285659649316,3500,1750.0,99.91124033927917
1800.0,36.0,100.0,0.0,73.5892124700287,3600,1800.0,101.27013611793518
1850.0,37.0,100.0,0.0,71.426097313303,3700,1850.0,102.67018580436707
1900.0,38.0,100.0,0.0,71.73588603817085,3800,1900.0,104.06418919563293
1950.0,39.0,100.0,0.0,71.76239710781202,3900,1950.0,105.45767760276794
2000.0,40.0,100.0,0.0,71.68169754020053,4000,2000.0,106.85273480415344
2050.0,41.0,100.0,0.0,3.779049903629499,4100,2050.0,133.31441402435303
2100.0,42.0,100.0,0.0,72.42434759785816,4200,2100.0,134.695166349411
2150.0,43.0,100.0,0.0,72.80274957131245,4300,2150.0,136.06874227523804
2200.0,44.0,100.0,0.0,69.05818314733649,4400,2200.0,137.51679754257202
2250.0,45.0,100.0,0.0,73.18166598881696,4500,2250.0,138.88326120376587
2300.0,46.0,100.0,0.0,66.95667415790605,4600,2300.0,140.37676572799683
2350.0,47.0,100.0,0.0,70.5931855079362,4700,2350.0,141.79333472251892
2400.0,48.0,100.0,0.0,73.90491132493938,4800,2400.0,143.14642548561096
2450.0,49.0,100.0,0.0,69.2265769856305,4900,2450.0,144.59095907211304
2500.0,50.0,100.0,0.0,70.90353017864231,5000,2500.0,146.00132703781128
2550.0,51.0,100.0,0.0,71.34453784371405,5100,2550.0,147.40297722816467
2600.0,52.0,100.0,0.0,72.46888288346504,5200,2600.0,148.78288054466248
2650.0,53.0,100.0,0.0,69.3133730575608,5300,2650.0,150.2256052494049
2700.0,54.0,100.0,0.0,68.57571500206579,5400,2700.0,151.68384885787964
2750.0,55.0,100.0,0.0,69.77961454964216,5500,2750.0,153.11693358421326
2800.0,56.0,100.0,0.0,72.04550252390048,5600,2800.0,154.50494599342346
2850.0,57.0,100.0,0.0,71.51965872214853,5700,2850.0,155.90316462516785
2900.0,58.0,100.0,0.0,70.54118354615807,5800,2900.0,157.32077741622925
2950.0,59.0,100.0,11.0,68.92658486788221,5900,2950.0,158.7715973854065
3000.0,60.0,100.0,0.0,70.61483996139867,6000,3000.0,160.1877315044403
3050.0,61.0,100.0,0.0,3.7545488267540676,6100,3050.0,186.822092294693
3100.0,62.0,100.0,0.0,72.31461370002266,6200,3100.0,188.20493984222412
3150.0,63.0,100.0,0.0,70.84704903057722,6300,3150.0,189.61643242835999
3200.0,64.0,100.0,0.0,70.82856491024894,6400,3200.0,191.02829360961914
3250.0,65.0,100.0,0.0,72.63335714440332,6500,3250.0,192.40507245063782
3300.0,66.0,100.0,0.0,70.7435069200992,6600,3300.0,193.81863069534302
3350.0,67.0,100.0,11.0,72.19615136683366,6700,3350.0,195.2037477493286
3400.0,68.0,100.0,0.0,72.92275616216956,6800,3400.0,196.5750629901886
3450.0,69.0,100.0,9.0,73.8278478383509,6900,3450.0,197.92956638336182
3500.0,70.0,100.0,0.0,72.36666709225443,7000,3500.0,199.3114194869995
3550.0,71.0,100.0,0.0,69.46515541494969,7100,3550.0,200.7509925365448
3600.0,72.0,100.0,0.0,71.07934482947955,7200,3600.0,202.15787172317505
3650.0,73.0,100.0,11.0,71.89156233518545,7300,3650.0,203.54885697364807
3700.0,74.0,100.0,0.0,70.10618964037998,7400,3700.0,204.975266456604
3750.0,75.0,100.0,0.0,71.71133168925564,7500,3750.0,206.3697476387024
3800.0,76.0,100.0,0.0,71.71364903859552,7600,3800.0,207.76418375968933
3850.0,77.0,100.0,0.0,69.26101998532644,7700,3850.0,209.20799803733826
3900.0,78.0,100.0,0.0,71.71825966044533,7800,3900.0,210.60234451293945
3950.0,79.0,100.0,0.0,69.36528910858668,7900,3950.0,212.04398918151855
4000.0,80.0,100.0,0.0,73.17660995628738,8000,4000.0,213.41054677963257
4050.0,81.0,100.0,0.0,3.721094793785867,8100,4050.0,240.28435969352722
4100.0,82.0,100.0,8.0,71.80011092775317,8200,4100.0,241.67711663246155
4150.0,83.0,100.0,0.0,69.52115923849185,8300,4150.0,243.1155288219452
4200.0,84.0,100.0,0.0,71.49091386344249,8400,4200.0,244.51430916786194
4250.0,85.0,100.0,0.0,67.88838559879966,8500,4250.0,245.98731660842896
4300.0,86.0,100.0,0.0,72.16350783512608,8600,4300.0,247.37305998802185
4350.0,87.0,100.0,0.0,70.4811206122843,8700,4350.0,248.79188108444214
4400.0,88.0,100.0,18.0,71.26476270672971,8800,4400.0,250.19510102272034
4450.0,89.0,100.0,0.0,70.83890047214066,8900,4450.0,251.60675597190857
4500.0,90.0,100.0,11.0,72.76830543678984,9000,4500.0,252.98098182678223
4550.0,91.0,100.0,0.0,71.2217067484723,9100,4550.0,254.38505005836487
4600.0,92.0,100.0,0.0,73.01204559214327,9200,4600.0,255.7546877861023
4650.0,93.0,100.0,0.0,71.94954907850698,9300,4650.0,257.1445515155792
4700.0,94.0,100.0,0.0,70.69570385332767,9400,4700.0,258.5590662956238
4750.0,95.0,100.0,0.0,69.42985403075318,9500,4750.0,259.9993705749512
4800.0,96.0,100.0,0.0,72.60725455584425,9600,4800.0,261.37664461135864
4850.0,97.0,100.0,0.0,73.71953665163207,9700,4850.0,262.7331385612488
4900.0,98.0,100.0,0.0,72.25171817946446,9800,4900.0,264.11719012260437
4950.0,99.0,100.0,0.0,71.84342625483075,9900,4950.0,265.5091071128845
5000.0,100.0,100.0,0.0,72.52488301584815,10000,5000.0,266.8879454135895
5050.0,101.0,100.0,0.0,3.7413319937350344,10100,5050.0,293.6163954734802
5100.0,102.0,100.0,0.0,69.91847936162421,10200,5100.0,295.0466339588165
5150.0,103.0,100.0,7.0,71.32747925803031,10300,5150.0,296.44861912727356
5200.0,104.0,100.0,0.0,72.53525547628291,10400,5200.0,297.8272604942322
5250.0,105.0,100.0,0.0,72.23493216884044,10500,5250.0,299.2116334438324
5300.0,106.0,100.0,0.0,72.92383384655079,10600,5300.0,300.5829288959503
5350.0,107.0,100.0,12.0,68.97067495263337,10700,5350.0,302.032821893692
5400.0,108.0,100.0,9.0,68.91308576806398,10800,5400.0,303.48392629623413
5450.0,109.0,100.0,7.0,71.70185541173866,10900,5450.0,304.878591299057
5500.0,110.0,100.0,0.0,68.83388521723033,11000,5500.0,306.33136558532715
5550.0,111.0,100.0,0.0,69.7259175425274,11100,5550.0,307.76555347442627
5600.0,112.0,100.0,13.0,69.8421505293981,11200,5600.0,309.1973547935486
5650.0,113.0,100.0,0.0,71.06614534938491,11300,5650.0,310.60449600219727
5700.0,114.0,100.0,0.0,72.52925990759329,11400,5700.0,311.9832513332367
5750.0,115.0,100.0,12.0,69.85446874647131,11500,5750.0,313.41480016708374
5800.0,116.0,100.0,0.0,71.19332168816767,11600,5800.0,314.8194282054901
5850.0,117.0,100.0,8.0,72.05381964933945,11700,5850.0,316.2072801589966
5900.0,118.0,100.0,11.0,70.58268396024636,11800,5900.0,317.62405943870544
5950.0,119.0,100.0,0.0,71.00819074458221,11900,5950.0,319.03234910964966
6000.0,120.0,100.0,0.0,72.13044724686826,12000,6000.0,320.4187273979187
6050.0,121.0,100.0,7.0,3.7459757681513732,12100,6050.0,347.11404299736023
6100.0,122.0,100.0,0.0,72.91706398138994,12200,6100.0,348.4854655265808
6150.0,123.0,100.0,0.0,72.30060253030321,12300,6150.0,349.8685812950134
6200.0,124.0,100.0,11.0,73.68293827805932,12400,6200.0,351.2257487773895
6250.0,125.0,100.0,0.0,70.01051416942485,12500,6250.0,352.65410709381104
6300.0,126.0,100.0,9.0,68.89036894080932,12600,6300.0,354.1056897640228
6350.0,127.0,100.0,0.0,68.51838026709123,12700,6350.0,355.5651535987854
6400.0,128.0,100.0,0.0,71.82391436278277,12800,6400.0,356.957448720932
6450.0,129.0,100.0,9.0,67.66227646570405,12900,6450.0,358.4353792667389
6500.0,130.0,100.0,0.0,70.3347533976317,13000,6500.0,359.8571660518646
6550.0,131.0,100.0,17.0,71.3883743080391,13100,6550.0,361.25794196128845
6600.0,132.0,100.0,0.0,70.41740019804088,13200,6600.0,362.6780471801758
6650.0,133.0,100.0,10.0,70.15162624905669,13300,6650.0,364.1035318374634
6700.0,134.0,100.0,0.0,69.241239364671,13400,6700.0,365.5477590560913
6750.0,135.0,100.0,18.0,70.86210665849407,13500,6750.0,366.9589514732361
6800.0,136.0,100.0,0.0,71.32944434070623,13600,6800.0,368.3608982563019
6850.0,137.0,100.0,0.0,71.71774461476221,13700,6850.0,369.75525522232056
6900.0,138.0,100.0,0.0,70.16761047586385,13800,6900.0,371.1804151535034
6950.0,139.0,100.0,0.0,70.49943565880007,13900,6950.0,372.5988676548004
7000.0,140.0,100.0,0.0,70.50506476784099,14000,7000.0,374.01720666885376
7050.0,141.0,100.0,0.0,3.760118256740447,14100,7050.0,400.61211609840393
7100.0,142.0,100.0,17.0,70.83006003062663,14200,7100.0,402.0239474773407
7150.0,143.0,100.0,0.0,72.83577175402881,14300,7150.0,403.3968999385834
7200.0,144.0,100.0,0.0,71.7136980846444,14400,7200.0,404.7913348674774
7250.0,145.0,100.0,11.0,70.99679623517432,14500,7250.0,406.19985032081604
7300.0,146.0,100.0,0.0,71.5445945187576,14600,7300.0,407.5975811481476
7350.0,147.0,100.0,0.0,72.52285151495032,14700,7350.0,408.97645831108093
7400.0,148.0,100.0,0.0,71.84873049891164,14800,7400.0,410.3682725429535
7450.0,149.0,100.0,0.0,76.47534386795704,14900,7450.0,411.67588472366333
7500.0,150.0,100.0,11.0,69.46974608114022,15000,7500.0,413.11536169052124
7550.0,151.0,100.0,0.0,71.84575214943519,15100,7550.0,414.50723361968994
7600.0,152.0,100.0,0.0,71.30827081985987,15200,7600.0,415.9101095199585
7650.0,153.0,100.0,7.0,73.83478788824047,15300,7650.0,417.26448583602905
7700.0,154.0,100.0,0.0,70.42145546266515,15400,7700.0,418.684508562088
7750.0,155.0,100.0,11.0,71.63928663783312,15500,7750.0,420.08039236068726
7800.0,156.0,100.0,16.0,72.75477416431742,15600,7800.0,421.45487427711487
7850.0,157.0,100.0,0.0,70.09234172169008,15700,7850.0,422.88156509399414
7900.0,158.0,100.0,0.0,69.57500285313141,15800,7900.0,424.31886434555054
7950.0,159.0,100.0,0.0,71.23858167707992,15900,7950.0,425.7225992679596
8000.0,160.0,100.0,0.0,67.31093681720019,16000,8000.0,427.20824337005615
8050.0,161.0,100.0,0.0,3.720855895929757,16100,8050.0,454.08378171920776
8100.0,162.0,100.0,0.0,71.71190794732276,16200,8100.0,455.47825169563293
8150.0,163.0,100.0,10.0,68.3146559334324,16300,8150.0,456.942067861557
8200.0,164.0,100.0,0.0,71.70406182445745,16400,8200.0,458.3366906642914
8250.0,165.0,100.0,0.0,70.44739418960296,16500,8250.0,459.7561905384064
8300.0,166.0,100.0,0.0,70.84635495403766,16600,8300.0,461.1676969528198
8350.0,167.0,100.0,0.0,70.5916766092061,16700,8350.0,462.5842955112457
8400.0,168.0,100.0,0.0,71.5218905238488,16800,8400.0,463.98247051239014
8450.0,169.0,100.0,0.0,71.42282551650081,16900,8450.0,465.3825843334198
8500.0,170.0,100.0,0.0,70.18503477036566,17000,8500.0,466.80739092826843
8550.0,171.0,100.0,15.0,70.24326457115525,17100,8550.0,468.2310163974762
8600.0,172.0,100.0,0.0,71.53231963999714,17200,8600.0,469.6289870738983
8650.0,173.0,100.0,16.0,70.71000580272293,17300,8650.0,471.04321551322937
8700.0,174.0,100.0,0.0,71.45380405154931,17400,8700.0,472.44272208213806
8750.0,175.0,100.0,0.0,72.89470953806978,17500,8750.0,473.814564704895
8800.0,176.0,100.0,12.0,71.52496405252833,17600,8800.0,475.21267914772034
8850.0,177.0,100.0,0.0,73.82654834857193,17700,8850.0,476.56720662117004
8900.0,178.0,100.0,0.0,73.1964806108828,17800,8900.0,477.933393239975
8950.0,179.0,100.0,11.0,70.77217920160797,17900,8950.0,479.34637928009033
9000.0,180.0,100.0,0.0,72.33796108658437,18000,9000.0,480.7287805080414
9050.0,181.0,100.0,0.0,3.7281697439052133,18100,9050.0,507.5515944957733
9100.0,182.0,100.0,0.0,66.82497014284276,18200,9100.0,509.0480422973633
9150.0,183.0,100.0,14.0,70.48621375134421,18300,9150.0,510.466760635376
9200.0,184.0,100.0,0.0,72.25027445018236,18400,9200.0,511.8508393764496
9250.0,185.0,100.0,11.0,72.5725556163263,18500,9250.0,513.228771686554
9300.0,186.0,100.0,0.0,71.84620750092671,18600,9300.0,514.6206352710724
9350.0,187.0,100.0,0.0,72.5703582127462,18700,9350.0,515.9986097812653
9400.0,188.0,100.0,16.0,65.2450174168548,18800,9400.0,517.5312948226929
9450.0,189.0,100.0,0.0,66.83431930976657,18900,9450.0,519.0275337696075
9500.0,190.0,100.0,0.0,74.90374298698906,19000,9500.0,520.3625812530518
9550.0,191.0,100.0,19.0,72.910700947162,19100,9550.0,521.7341237068176
9600.0,192.0,100.0,12.0,70.11304533013094,19200,9600.0,523.1603925228119
9650.0,193.0,100.0,12.0,73.430386071577,19300,9650.0,524.5222284793854
9700.0,194.0,100.0,10.0,73.21879048322471,19400,9700.0,525.8879990577698
9750.0,195.0,100.0,0.0,67.65859822964768,19500,9750.0,527.3660089969635
9800.0,196.0,100.0,0.0,71.63464946056733,19600,9800.0,528.7619833946228
9850.0,197.0,100.0,0.0,71.26912202771614,19700,9850.0,530.1651165485382
9900.0,198.0,100.0,0.0,72.04266870400613,19800,9900.0,531.5531837940216
9950.0,199.0,100.0,10.0,71.55123398167746,19900,9950.0,532.9507851600647
10000.0,200.0,100.0,0.0,74.44039751201804,20000,10000.0,534.2941434383392
10050.0,201.0,100.0,15.0,3.7178785039451285,20100,10050.0,561.1912045478821
10100.0,202.0,100.0,0.0,72.03958764189817,20200,10100.0,562.5793309211731
10150.0,203.0,100.0,16.0,72.53856726132797,20300,10150.0,563.9579093456268
10200.0,204.0,100.0,0.0,72.31441421466617,20400,10200.0,565.3407609462738
10250.0,205.0,100.0,0.0,70.36010894458092,20500,10250.0,566.7620222568512
10300.0,206.0,100.0,14.0,70.80949271393756,20600,10300.0,568.174263715744
10350.0,207.0,100.0,9.0,72.22464541629738,20700,10350.0,569.5588340759277
10400.0,208.0,100.0,0.0,71.07543023869209,20800,10400.0,570.9657919406891
10450.0,209.0,100.0,0.0,72.19823917229702,20900,10450.0,572.3508687019348
10500.0,210.0,100.0,0.0,74.62425479008868,21000,10500.0,573.6909167766571
10550.0,211.0,100.0,0.0,70.0628482008149,21100,10550.0,575.1182081699371
10600.0,212.0,100.0,13.0,66.1305654478807,21200,10600.0,576.6303699016571
10650.0,213.0,100.0,0.0,72.40113188910966,21300,10650.0,578.0115652084351
10700.0,214.0,100.0,0.0,71.39656470214948,21400,10700.0,579.4121942520142
10750.0,215.0,100.0,13.0,69.41773105541398,21500,10750.0,580.8527491092682
10800.0,216.0,100.0,0.0,71.48602782946722,21600,10800.0,582.2516250610352
10850.0,217.0,100.0,0.0,71.46623465159158,21700,10850.0,583.6508886814117
10900.0,218.0,100.0,0.0,73.10933934620166,21800,10900.0,585.0187039375305
10950.0,219.0,100.0,14.0,71.92460159248115,21900,10950.0,586.4090504646301
11000.0,220.0,100.0,0.0,71.84151888752034,22000,11000.0,587.80100440979
11050.0,221.0,100.0,13.0,3.745091408474917,22100,11050.0,614.5026235580444
11100.0,222.0,100.0,0.0,71.1439797880253,22200,11100.0,615.9082252979279
11150.0,223.0,100.0,0.0,69.72431799298951,22300,11150.0,617.3424468040466
11200.0,224.0,100.0,0.0,71.63619104127459,22400,11200.0,618.7383902072906
11250.0,225.0,100.0,0.0,71.50600264215477,22500,11250.0,620.1368751525879
11300.0,226.0,100.0,13.0,73.7957248734444,22600,11300.0,621.4919686317444
11350.0,227.0,100.0,0.0,73.34576541968084,22700,11350.0,622.8553750514984
11400.0,228.0,100.0,11.0,73.65623120971503,22800,11400.0,624.2130346298218
11450.0,229.0,100.0,15.0,73.20099004406052,22900,11450.0,625.579137802124
11500.0,230.0,100.0,14.0,72.24603071801218,23000,11500.0,626.9632978439331
11550.0,231.0,100.0,0.0,71.3574524683908,23100,11550.0,628.3646943569183
11600.0,232.0,100.0,0.0,70.99530608455412,23200,11600.0,629.7732393741608
11650.0,233.0,100.0,15.0,66.77482959244675,23300,11650.0,631.2708110809326
11700.0,234.0,100.0,0.0,72.3838766505227,23400,11700.0,632.6523349285126
11750.0,235.0,100.0,12.0,71.97153744016106,23500,11750.0,634.0417747497559
11800.0,236.0,100.0,19.0,71.02134465122225,23600,11800.0,635.449803352356
11850.0,237.0,100.0,0.0,70.15802141287077,23700,11850.0,636.8751585483551
11900.0,238.0,100.0,14.0,65.10090218902603,23800,11900.0,638.4112374782562
11950.0,239.0,100.0,0.0,69.86505727719926,23900,11950.0,639.8425695896149
12000.0,240.0,100.0,0.0,72.95996103517706,24000,12000.0,641.2131855487823
12050.0,241.0,100.0,9.0,3.705044140316583,24100,12050.0,668.2034187316895
12100.0,242.0,100.0,0.0,69.2815443147579,24200,12100.0,669.646805524826
12150.0,243.0,100.0,16.0,69.37351523071638,24300,12150.0,671.0882794857025
12200.0,244.0,100.0,13.0,70.31535677343969,24400,12200.0,672.510445356369
12250.0,245.0,100.0,0.0,71.20404200496321,24500,12250.0,673.91486120224
12300.0,246.0,100.0,0.0,70.11011538412677,24600,12300.0,675.3411905765533
12350.0,247.0,100.0,0.0,71.67165347199557,24700,12350.0,676.7364439964294
12400.0,248.0,100.0,14.0,71.59101111474862,24800,12400.0,678.1332693099976
12450.0,249.0,100.0,0.0,72.45163288512964,24900,12450.0,679.5135018825531
12500.0,250.0,100.0,0.0,71.23010087482362,25000,12500.0,680.9174036979675
12550.0,251.0,100.0,0.0,68.70988118671744,25100,12550.0,682.3727996349335
12600.0,252.0,100.0,0.0,69.92138165571967,25200,12600.0,683.8029787540436
12650.0,253.0,100.0,0.0,73.44468426152818,25300,12650.0,685.1645486354828
12700.0,254.0,100.0,0.0,73.05296774894731,25400,12700.0,686.5334196090698
12750.0,255.0,100.0,0.0,72.88273958073046,25500,12750.0,687.9054880142212
12800.0,256.0,100.0,19.0,72.20727529395562,25600,12800.0,689.2903912067413
12850.0,257.0,100.0,14.0,70.81421496550125,25700,12850.0,690.7025380134583
12900.0,258.0,100.0,0.0,71.2670028467354,25800,12900.0,692.1057133674622
12950.0,259.0,100.0,0.0,70.84836541999022,25900,12950.0,693.5171804428101
13000.0,260.0,100.0,0.0,72.42978800194444,26000,13000.0,694.8978288173676
13050.0,261.0,100.0,17.0,3.723857170117536,26100,13050.0,721.7517066001892
13100.0,262.0,100.0,12.0,72.58858185102005,26200,13100.0,723.1293349266052
13150.0,263.0,100.0,0.0,71.59625370821742,26300,13150.0,724.5260572433472
13200.0,264.0,100.0,0.0,69.5663365794718,26400,13200.0,725.9635355472565
13250.0,265.0,100.0,0.0,71.17819545975762,26500,13250.0,727.3684611320496
13300.0,266.0,100.0,0.0,67.52021877927334,26600,13300.0,728.8495001792908
13350.0,267.0,100.0,17.0,69.34636611037078,26700,13350.0,730.2915377616882
13400.0,268.0,100.0,15.0,72.3733850896095,26800,13400.0,731.6732625961304
13450.0,269.0,100.0,0.0,70.08458833969881,26900,13450.0,733.1001110076904
13500.0,270.0,100.0,0.0,69.67789350786651,27000,13500.0,734.5352878570557
13550.0,271.0,100.0,0.0,70.01510707662209,27100,13550.0,735.9635527133942
13600.0,272.0,100.0,0.0,72.59057934644831,27200,13600.0,737.3411428928375
13650.0,273.0,100.0,0.0,72.91348939119563,27300,13650.0,738.7126324176788
13700.0,274.0,100.0,0.0,71.23392363984742,27400,13700.0,740.1164593696594
13750.0,275.0,100.0,0.0,69.82883685310203,27500,13750.0,741.5485339164734
13800.0,276.0,100.0,18.0,67.97353081502686,27600,13800.0,743.0196959972382
13850.0,277.0,100.0,11.0,67.78177981988225,27700,13850.0,744.4950206279755
13900.0,278.0,100.0,0.0,69.81922393084369,27800,13900.0,745.9272921085358
13950.0,279.0,100.0,0.0,71.32193636755513,27900,13950.0,747.329386472702
14000.0,280.0,100.0,13.0,72.59194876217545,28000,14000.0,748.7069506645203
14050.0,281.0,100.0,17.0,3.7880348391580068,28100,14050.0,775.1058640480042
14100.0,282.0,100.0,0.0,71.17186658193631,28200,14100.0,776.5109150409698
14150.0,283.0,100.0,0.0,71.90626598658396,28300,14150.0,777.9016153812408
14200.0,284.0,100.0,0.0,70.98467255150247,28400,14200.0,779.3103718757629
14250.0,285.0,100.0,0.0,69.96156062687287,28500,14250.0,780.739729642868
14300.0,286.0,100.0,0.0,71.75899621333632,28600,14300.0,782.1332838535309
14350.0,287.0,100.0,19.0,71.3023309106351,28700,14350.0,783.5357637405396
14400.0,288.0,100.0,10.0,70.54848056752256,28800,14400.0,784.9532301425934
14450.0,289.0,100.0,0.0,72.48540200732336,28900,14450.0,786.3328194618225
14500.0,290.0,100.0,0.0,72.43699310516816,29000,14500.0,787.713330745697
14550.0,291.0,100.0,13.0,72.2095875123999,29100,14550.0,789.09818983078
14600.0,292.0,100.0,0.0,72.76656325565305,29200,14600.0,790.472448348999
14650.0,293.0,100.0,0.0,71.91039592256116,29300,14650.0,791.8630697727203
14700.0,294.0,100.0,0.0,72.01884373661764,29400,14700.0,793.2515969276428
14750.0,295.0,100.0,12.0,71.0319169979217,29500,14750.0,794.659416437149
14800.0,296.0,100.0,0.0,73.28050088501543,29600,14800.0,796.0240368843079
14850.0,297.0,100.0,0.0,70.02458696585289,29700,14850.0,797.4521086215973
14900.0,298.0,100.0,0.0,68.04325576196516,29800,14900.0,798.9217636585236
14950.0,299.0,100.0,16.0,69.92506523532397,29900,14950.0,800.3518671989441
15000.0,300.0,100.0,0.0,70.53423201625164,30000,15000.0,801.7696194648743
15050.0,301.0,100.0,0.0,3.7238832229760828,30100,15050.0,828.6233093738556
15100.0,302.0,100.0,10.0,70.5232381103227,30200,15100.0,830.0412826538086
15150.0,303.0,100.0,8.0,69.65072543428911,30300,15150.0,831.4770195484161
15200.0,304.0,100.0,0.0,71.69842348406176,30400,15200.0,832.8717515468597
15250.0,305.0,100.0,0.0,71.14115611095384,30500,15250.0,834.2774090766907
15300.0,306.0,100.0,0.0,72.4751314618111,30600,15300.0,835.6571946144104
15350.0,307.0,100.0,0.0,70.24215878668396,30700,15350.0,837.080842256546
15400.0,308.0,100.0,0.0,71.37306792780578,30800,15400.0,838.4819326400757
15450.0,309.0,100.0,0.0,71.51059879392153,30900,15450.0,839.8803279399872
15500.0,310.0,100.0,14.0,69.00343330538189,31000,15500.0,841.329532623291
15550.0,311.0,100.0,0.0,70.42697752141872,31100,15550.0,842.7494444847107
15600.0,312.0,100.0,0.0,68.06756019014692,31200,15600.0,844.2185745239258
15650.0,313.0,100.0,8.0,70.60679227165855,31300,15650.0,845.6348698139191
15700.0,314.0,100.0,14.0,69.83388266227293,31400,15700.0,847.0668404102325
15750.0,315.0,100.0,0.0,74.1046120858795,31500,15750.0,848.4162855148315
15800.0,316.0,100.0,0.0,73.26396294376814,31600,15800.0,849.7812142372131
15850.0,317.0,100.0,0.0,72.15036187819548,31700,15850.0,851.1672101020813
15900.0,318.0,100.0,11.0,69.26741394304497,31800,15900.0,852.6108913421631
15950.0,319.0,100.0,12.0,72.82280963163774,31900,15950.0,853.9840886592865
16000.0,320.0,100.0,0.0,68.9545511637251,32000,16000.0,855.4343206882477
16050.0,321.0,100.0,0.0,3.7732838211940356,32100,16050.0,881.9364371299744
16100.0,322.0,100.0,0.0,70.42999314390035,32200,16100.0,883.3562886714935
16150.0,323.0,100.0,11.0,70.10668179907384,32300,16150.0,884.7826874256134
16200.0,324.0,100.0,0.0,72.61863126744781,32400,16200.0,886.1597456932068
16250.0,325.0,100.0,15.0,69.2275824687665,32500,16250.0,887.6042578220367
16300.0,326.0,100.0,0.0,70.53482509673871,32600,16300.0,889.0219984054565
16350.0,327.0,100.0,10.0,72.63611183557235,32700,16350.0,890.3987255096436
16400.0,328.0,100.0,15.0,71.17300183213925,32800,16400.0,891.8037545681
16450.0,329.0,100.0,0.0,68.83574919344595,32900,16450.0,893.256489276886
16500.0,330.0,100.0,0.0,72.87283725481475,33000,16500.0,894.6287438869476
16550.0,331.0,100.0,6.0,70.18852301687029,33100,16550.0,896.0534801483154
16600.0,332.0,100.0,11.0,68.40598373608229,33200,16600.0,897.5153419971466
16650.0,333.0,100.0,11.0,68.67997614550846,33300,16650.0,898.9713716506958
16700.0,334.0,100.0,0.0,73.03737173675994,33400,16700.0,900.3405351638794
16750.0,335.0,100.0,0.0,72.77554016826693,33500,16750.0,901.7146246433258
16800.0,336.0,100.0,0.0,72.21042044456978,33600,16800.0,903.099467754364
16850.0,337.0,100.0,0.0,71.24466829042005,33700,16850.0,904.5030822753906
16900.0,338.0,100.0,0.0,71.14052865759886,33800,16900.0,905.9087519645691
16950.0,339.0,100.0,13.0,70.84641478768646,33900,16950.0,907.3202576637268
17000.0,340.0,100.0,9.0,72.45486194065109,34000,17000.0,908.7004287242889
17050.0,341.0,100.0,10.0,3.739418675767577,34100,17050.0,935.4425547122955
17100.0,342.0,100.0,17.0,68.24330799532648,34200,17100.0,936.9079012870789
17150.0,343.0,100.0,0.0,70.59375581716701,34300,17150.0,938.3244585990906
17200.0,344.0,100.0,0.0,69.34280056825894,34400,17200.0,939.7665705680847
17250.0,345.0,100.0,0.0,71.69299435522689,34500,17250.0,941.161408662796
17300.0,346.0,100.0,0.0,71.07793552712229,34600,17300.0,942.5683164596558
17350.0,347.0,100.0,0.0,72.51580484461753,34700,17350.0,943.9473280906677
17400.0,348.0,100.0,12.0,69.28748422395051,34800,17400.0,945.3905920982361
17450.0,349.0,100.0,0.0,68.40760146799836,34900,17450.0,946.8524191379547
17500.0,350.0,100.0,0.0,71.69974718867275,35000,17500.0,948.2471256256104
17550.0,351.0,100.0,10.0,70.9236724503993,35100,17550.0,949.6570932865143
17600.0,352.0,100.0,15.0,70.3172075395908,35200,17600.0,951.0792224407196
17650.0,353.0,100.0,11.0,69.97327895143115,35300,17650.0,952.5083403587341
17700.0,354.0,100.0,0.0,73.61636193737762,35400,17700.0,953.8667356967926
17750.0,355.0,100.0,11.0,70.84483521324287,35500,17750.0,955.2782728672028
17800.0,356.0,100.0,0.0,71.22868558805429,35600,17800.0,956.6822032928467
17850.0,357.0,100.0,13.0,72.77230771953427,35700,17850.0,958.0563533306122
17900.0,358.0,100.0,20.0,69.97831063179461,35800,17900.0,959.4853689670563
17950.0,359.0,100.0,0.0,69.0446551885915,35900,17950.0,960.933708190918
18000.0,360.0,100.0,6.0,70.58680580156582,36000,18000.0,962.3504049777985
18050.0,361.0,100.0,0.0,3.78787614015365,36100,18050.0,988.7504251003265
18100.0,362.0,100.0,0.0,74.41270296350085,36200,18100.0,990.0942826271057
18150.0,363.0,100.0,17.0,71.2989250009732,36300,18150.0,991.4968295097351
18200.0,364.0,100.0,9.0,72.376257476526,36400,18200.0,992.878499507904
18250.0,365.0,100.0,12.0,72.24517207625051,36500,18250.0,994.2626769542694
18300.0,366.0,100.0,13.0,68.72412279458499,36600,18300.0,995.7177710533142
18350.0,367.0,100.0,0.0,70.90994329137258,36700,18350.0,997.1280119419098
18400.0,368.0,100.0,17.0,72.86898848357318,36800,18400.0,998.5003387928009
18450.0,369.0,100.0,0.0,71.21273423666551,36900,18450.0,999.9045834541321
18500.0,370.0,100.0,0.0,67.71771669955436,37000,18500.0,1001.3813030719757
18550.0,371.0,100.0,14.0,69.64289598473215,37100,18550.0,1002.8172008991241
18600.0,372.0,100.0,8.0,72.67933374135241,37200,18600.0,1004.1931095123291
18650.0,373.0,100.0,11.0,72.43653023427392,37300,18650.0,1005.573629617691
18700.0,374.0,100.0,0.0,71.2531888757269,37400,18700.0,1006.9770765304565
18750.0,375.0,100.0,13.0,70.16148350170423,37500,18750.0,1008.4023611545563
18800.0,376.0,100.0,0.0,69.51330128616804,37600,18800.0,1009.8409359455109
18850.0,377.0,100.0,0.0,72.54258195169679,37700,18850.0,1011.2194378376007
18900.0,378.0,100.0,13.0,72.07675119290063,37800,18900.0,1012.6068494319916
18950.0,379.0,100.0,13.0,72.44497543111913,37900,18950.0,1013.9872088432312
19000.0,380.0,100.0,0.0,70.44109995697258,38000,19000.0,1015.4068357944489
19050.0,381.0,100.0,10.0,3.7350634227733073,38100,19050.0,1042.1801450252533
19100.0,382.0,100.0,16.0,73.47735181871295,38200,19100.0,1043.5411095619202
19150.0,383.0,100.0,0.0,72.28911343501105,38300,19150.0,1044.9244446754456
19200.0,384.0,100.0,13.0,71.05744071140386,38400,19200.0,1046.3317580223083
19250.0,385.0,100.0,10.0,69.64677001228112,38500,19250.0,1047.76757645607
19300.0,386.0,100.0,0.0,66.15333464978497,38600,19300.0,1049.2792172431946
19350.0,387.0,100.0,0.0,67.35383799123468,38700,19350.0,1050.7639153003693
19400.0,388.0,100.0,12.0,69.52918032960808,38800,19400.0,1052.202162027359
19450.0,389.0,100.0,15.0,71.34863991519074,38900,19450.0,1053.6037323474884
19500.0,390.0,100.0,9.0,69.30613460245469,39000,19500.0,1055.0466072559357
19550.0,391.0,100.0,15.0,68.31832795437435,39100,19550.0,1056.51034450531
19600.0,392.0,100.0,0.0,70.91407946535269,39200,19600.0,1057.9205029010773
19650.0,393.0,100.0,0.0,70.27959835959132,39300,19650.0,1059.3433923721313
19700.0,394.0,100.0,0.0,73.23691927847482,39400,19700.0,1060.7088248729706
19750.0,395.0,100.0,0.0,70.92393629415642,39500,19750.0,1062.1187872886658
19800.0,396.0,100.0,12.0,68.15058660663438,39600,19800.0,1063.586127281189
19850.0,397.0,100.0,0.0,70.80888305141544,39700,19850.0,1064.9983808994293
19900.0,398.0,100.0,9.0,71.3091922005571,39800,19900.0,1066.4007258415222
19950.0,399.0,100.0,9.0,70.34205495942628,39900,19950.0,1067.8223519325256
20000.0,400.0,100.0,0.0,70.68009749573996,40000,20000.0,1069.2371788024902
20050.0,401.0,100.0,15.0,3.686782482080275,40100,20050.0,1096.3611016273499
20100.0,402.0,100.0,15.0,69.82472168691226,40200,20100.0,1097.7932600975037
20150.0,403.0,100.0,10.0,72.07157422361567,40300,20150.0,1099.1807708740234
20200.0,404.0,100.0,9.0,72.52933515963511,40400,20200.0,1100.5595252513885
20250.0,405.0,100.0,0.0,70.03025742352078,40500,20250.0,1101.9874806404114
20300.0,406.0,100.0,13.0,71.77481249462028,40600,20300.0,1103.3807282447815
20350.0,407.0,100.0,9.0,71.64727769473058,40700,20350.0,1104.7764558792114
20400.0,408.0,100.0,15.0,71.80052882717527,40800,20400.0,1106.169204711914
20450.0,409.0,100.0,0.0,68.70204800473836,40900,20450.0,1107.6247663497925
20500.0,410.0,100.0,0.0,70.01874209445701,41000,20500.0,1109.0529572963715
20550.0,411.0,100.0,0.0,68.66449381286729,41100,20550.0,1110.5093154907227
20600.0,412.0,100.0,13.0,72.19797819001047,41200,20600.0,1111.89439702034
20650.0,413.0,100.0,0.0,69.64016707779724,41300,20650.0,1113.330351114273
20700.0,414.0,100.0,0.0,69.05791026217712,41400,20700.0,1114.7784123420715
20750.0,415.0,100.0,8.0,70.48326437878733,41500,20750.0,1116.197190284729
20800.0,416.0,100.0,9.0,68.62655396627497,41600,20800.0,1117.6543536186218
20850.0,417.0,100.0,17.0,68.05086214225591,41700,20850.0,1119.1238436698914
20900.0,418.0,100.0,0.0,67.2283475976183,41800,20900.0,1120.6113123893738
20950.0,419.0,100.0,0.0,68.15881510409473,41900,20950.0,1122.0784752368927
21000.0,420.0,100.0,17.0,67.88623195759571,42000,21000.0,1123.5515296459198
21050.0,421.0,100.0,15.0,3.7125301832540787,42100,21050.0,1150.4873387813568
21100.0,422.0,100.0,10.0,71.85349390985559,42200,21100.0,1151.8790605068207
21150.0,423.0,100.0,13.0,68.6924502904314,42300,21150.0,1153.3348259925842
21200.0,424.0,100.0,10.0,70.74763563324075,42400,21200.0,1154.7483022212982
21250.0,425.0,100.0,7.0,71.69174442395226,42500,21250.0,1156.1431646347046
21300.0,426.0,100.0,0.0,72.6867019491067,42600,21300.0,1157.5189328193665
21350.0,427.0,100.0,0.0,70.39395266794556,42700,21350.0,1158.9395110607147
21400.0,428.0,100.0,14.0,69.36274250394251,42800,21400.0,1160.3812084197998
21450.0,429.0,100.0,0.0,71.29910680287651,42900,21450.0,1161.7837517261505
21500.0,430.0,100.0,13.0,70.73544180728265,43000,21500.0,1163.1974713802338
21550.0,431.0,100.0,9.0,70.02268143057623,43100,21550.0,1164.625581741333
21600.0,432.0,100.0,14.0,73.54650102543816,43200,21600.0,1165.985267162323
21650.0,433.0,100.0,13.0,71.8557096650403,43300,21650.0,1167.3769459724426
21700.0,434.0,100.0,0.0,70.91868377429135,43400,21700.0,1168.7870128154755
21750.0,435.0,100.0,0.0,68.40815932433163,43500,21750.0,1170.2488279342651
21800.0,436.0,100.0,12.0,70.36618802448915,43600,21800.0,1171.6699662208557
21850.0,437.0,100.0,12.0,71.54536336406002,43700,21850.0,1173.0676832199097
21900.0,438.0,100.0,0.0,69.49272003024718,43800,21900.0,1174.5066843032837
21950.0,439.0,100.0,9.0,71.22512947463981,43900,21950.0,1175.9106843471527
22000.0,440.0,100.0,0.0,70.06751820763105,44000,22000.0,1177.3378801345825
22050.0,441.0,100.0,0.0,3.728695326633417,44100,22050.0,1204.1569135189056
22100.0,442.0,100.0,6.0,71.76776307335403,44200,22100.0,1205.5502982139587
22150.0,443.0,100.0,0.0,70.6234483836249,44300,22150.0,1206.9662597179413
22200.0,444.0,100.0,8.0,70.34948783112516,44400,22200.0,1208.3877353668213
22250.0,445.0,100.0,0.0,68.98092915872719,44500,22250.0,1209.8374128341675
22300.0,446.0,100.0,0.0,68.4882278673652,44600,22300.0,1211.2975187301636
22350.0,447.0,100.0,10.0,71.42053908552236,44700,22350.0,1212.6976776123047
22400.0,448.0,100.0,0.0,72.20859299169472,44800,22400.0,1214.0825555324554
22450.0,449.0,100.0,17.0,71.39725744778241,44900,22450.0,1215.4831714630127
22500.0,450.0,100.0,0.0,72.43070106938924,45000,22500.0,1216.863802433014
22550.0,451.0,100.0,11.0,73.31771293283857,45100,22550.0,1218.2277309894562
22600.0,452.0,100.0,16.0,73.96756244286182,45200,22600.0,1219.579675912857
22650.0,453.0,100.0,6.0,72.05360922219351,45300,22650.0,1220.967532634735
22700.0,454.0,100.0,0.0,70.20031750202727,45400,22700.0,1222.3920290470123
22750.0,455.0,100.0,0.0,67.58071797938953,45500,22750.0,1223.8717420101166
22800.0,456.0,100.0,14.0,69.56400593954606,45600,22800.0,1225.3092679977417
22850.0,457.0,100.0,0.0,70.5140020839967,45700,22850.0,1226.7274277210236
22900.0,458.0,100.0,14.0,73.05949562641538,45800,22900.0,1228.0961763858795
22950.0,459.0,100.0,13.0,66.3722383498975,45900,22950.0,1229.6028318405151
23000.0,460.0,100.0,4.0,72.31271863357142,46000,23000.0,1230.9857156276703
23050.0,461.0,100.0,0.0,3.690822903393192,46100,23050.0,1258.07994556427
23100.0,462.0,100.0,16.0,70.21972123753204,46200,23100.0,1259.5040483474731
23150.0,463.0,100.0,11.0,70.86320810343318,46300,23150.0,1260.9152193069458
23200.0,464.0,100.0,15.0,70.88483688205037,46400,23200.0,1262.325959444046
23250.0,465.0,100.0,11.0,71.92324490593468,46500,23250.0,1263.7163319587708
23300.0,466.0,100.0,10.0,69.894396122192,46600,23300.0,1265.14706325531
23350.0,467.0,100.0,17.0,70.03877067989458,46700,23350.0,1266.5748448371887
23400.0,468.0,100.0,8.0,72.17858378811665,46800,23400.0,1267.9602987766266
23450.0,469.0,100.0,10.0,71.11670568702507,46900,23450.0,1269.3664393424988
23500.0,470.0,100.0,15.0,71.53721200428168,47000,23500.0,1270.7643144130707
23550.0,471.0,100.0,11.0,73.43194162986435,47100,23550.0,1272.1261212825775
23600.0,472.0,100.0,8.0,71.24315561543578,47200,23600.0,1273.5297663211823
23650.0,473.0,100.0,0.0,70.78008547333071,47300,23650.0,1274.942594051361
23700.0,474.0,100.0,16.0,70.20894267204172,47400,23700.0,1276.3669157028198
23750.0,475.0,100.0,17.0,72.00270960514166,47500,23750.0,1277.7557535171509
23800.0,476.0,100.0,0.0,69.26329605320304,47600,23800.0,1279.1995208263397
23850.0,477.0,100.0,9.0,69.99457806625038,47700,23850.0,1280.628203868866
23900.0,478.0,100.0,12.0,72.51422517406301,47800,23900.0,1282.0072445869446
23950.0,479.0,100.0,7.0,72.17629839518322,47900,23950.0,1283.3927421569824
24000.0,480.0,100.0,16.0,71.03721036736142,48000,24000.0,1284.8004562854767
24050.0,481.0,100.0,0.0,3.6641156928204297,48100,24050.0,1312.092172384262
24100.0,482.0,100.0,13.0,69.41252694422494,48200,24100.0,1313.5328359603882
24150.0,483.0,100.0,4.0,71.63313241417072,48300,24150.0,1314.928838968277
24200.0,484.0,100.0,15.0,74.55420474613148,48400,24200.0,1316.270158290863
24250.0,485.0,100.0,13.0,71.34873701135442,48500,24250.0,1317.671725988388
24300.0,486.0,100.0,0.0,71.99195753297289,48600,24300.0,1319.0607714653015
24350.0,487.0,100.0,10.0,73.51285715737937,48700,24350.0,1320.421079158783
24400.0,488.0,100.0,13.0,71.86782487591105,48800,24400.0,1321.8125240802765
24450.0,489.0,100.0,21.0,68.68489102508782,48900,24450.0,1323.268449306488
24500.0,490.0,100.0,0.0,70.40961019841346,49000,24500.0,1324.6887111663818
24550.0,491.0,100.0,9.0,71.47089876405543,49100,24550.0,1326.0878834724426
24600.0,492.0,100.0,7.0,68.89591376972463,49200,24600.0,1327.539349079132
24650.0,493.0,100.0,11.0,67.82469121708036,49300,24650.0,1329.0137400627136
24700.0,494.0,100.0,19.0,71.09912914117325,49400,24700.0,1330.4202284812927
24750.0,495.0,100.0,0.0,71.10309455737972,49500,24750.0,1331.8266386985779
24800.0,496.0,100.0,15.0,72.87552150697185,49600,24800.0,1333.1988427639008
24850.0,497.0,100.0,10.0,68.98080436577044,49700,24850.0,1334.6485228538513
24900.0,498.0,100.0,9.0,72.42044601821742,49800,24900.0,1336.0293502807617
24950.0,499.0,100.0,19.0,72.22601349739882,49900,24950.0,1337.4138939380646
25000.0,500.0,100.0,18.0,72.06644752769348,50000,25000.0,1338.8015036582947
25050.0,501.0,100.0,17.0,3.6523643831671158,50100,25050.0,1366.1810293197632
25100.0,502.0,100.0,10.0,70.66359323093864,50200,25100.0,1367.5961875915527
25150.0,503.0,100.0,15.0,67.88397957089558,50300,25150.0,1369.0692901611328
25200.0,504.0,100.0,15.0,72.10484116080036,50400,25200.0,1370.4561612606049
25250.0,505.0,100.0,8.0,69.2007529367354,50500,25250.0,1371.9012327194214
25300.0,506.0,100.0,12.0,71.93757903512869,50600,25300.0,1373.2913279533386
25350.0,507.0,100.0,10.0,69.87630092278678,50700,25350.0,1374.7224295139313
25400.0,508.0,100.0,14.0,70.56512104809705,50800,25400.0,1376.1395618915558
25450.0,509.0,100.0,13.0,71.04914740426847,50900,25450.0,1377.5470395088196
25500.0,510.0,100.0,10.0,69.42077576480212,51000,25500.0,1378.9875316619873
25550.0,511.0,100.0,16.0,70.75664649275582,51100,25550.0,1380.400827884674
25600.0,512.0,100.0,13.0,72.30966429473449,51200,25600.0,1381.783769607544
25650.0,513.0,100.0,11.0,68.74049949448091,51300,25650.0,1383.2385172843933
25700.0,514.0,100.0,13.0,71.3933077625148,51400,25700.0,1384.639209985733
25750.0,515.0,100.0,19.0,70.5319428191192,51500,25750.0,1386.0570087432861
25800.0,516.0,100.0,0.0,71.77623728455642,51600,25800.0,1387.4502291679382
25850.0,517.0,100.0,6.0,70.1261862195145,51700,25850.0,1388.8762311935425
25900.0,518.0,100.0,14.0,72.77542652262086,51800,25900.0,1390.2503230571747
25950.0,519.0,100.0,9.0,70.58883720304011,51900,25950.0,1391.6669788360596
26000.0,520.0,100.0,13.0,70.74014225597475,52000,26000.0,1393.0806047916412
26050.0,521.0,100.0,0.0,3.657635238476971,52100,26050.0,1420.4206759929657
26100.0,522.0,100.0,0.0,71.91884219399327,52200,26100.0,1421.8111340999603
26150.0,523.0,100.0,14.0,68.484135005527,52300,26150.0,1423.2713272571564
26200.0,524.0,100.0,14.0,70.22637574448962,52400,26200.0,1424.6952950954437
26250.0,525.0,100.0,16.0,69.2453089043112,52500,26250.0,1426.139437675476
26300.0,526.0,100.0,12.0,70.44036649175972,52600,26300.0,1427.5590801239014
26350.0,527.0,100.0,12.0,66.84438483319359,52700,26350.0,1429.0550928115845
26400.0,528.0,100.0,15.0,66.20882650914086,52800,26400.0,1430.5654668807983
26450.0,529.0,100.0,13.0,68.20010939844514,52900,26450.0,1432.0317413806915
26500.0,530.0,100.0,14.0,68.5853249815958,53000,26500.0,1433.4897804260254
26550.0,531.0,100.0,16.0,68.14708760555412,53100,26550.0,1434.957195520401
26600.0,532.0,100.0,16.0,71.22052157015435,53200,26600.0,1436.3612864017487
26650.0,533.0,100.0,14.0,71.02533747713731,53300,26650.0,1437.769236087799
26700.0,534.0,100.0,14.0,69.9983394539891,53400,26700.0,1439.1978425979614
26750.0,535.0,100.0,12.0,72.19011232373525,53500,26750.0,1440.5830752849579
26800.0,536.0,100.0,8.0,72.64086699960582,53600,26800.0,1441.9597115516663
26850.0,537.0,100.0,14.0,73.27211577902145,53700,26850.0,1443.3244888782501
26900.0,538.0,100.0,9.0,72.46890792571664,53800,26900.0,1444.7043919563293
26950.0,539.0,100.0,13.0,72.36273427117428,53900,26950.0,1446.0863201618195
27000.0,540.0,100.0,16.0,75.02825877470954,54000,27000.0,1447.4191522598267
27050.0,541.0,100.0,6.0,3.6755647474040796,54100,27050.0,1474.6258568763733
27100.0,542.0,100.0,13.0,71.74867272865366,54200,27100.0,1476.019612312317
27150.0,543.0,100.0,13.0,71.771999928815,54300,27150.0,1477.412914276123
27200.0,544.0,100.0,16.0,71.55139266038957,54400,27200.0,1478.8105130195618
27250.0,545.0,100.0,7.0,69.92521678330306,54500,27250.0,1480.2406134605408
27300.0,546.0,100.0,17.0,70.13935549380113,54600,27300.0,1481.6663479804993
27350.0,547.0,100.0,9.0,69.7483537405373,54700,27350.0,1483.1000747680664
27400.0,548.0,100.0,8.0,69.3940718528992,54800,27400.0,1484.5411214828491
27450.0,549.0,100.0,20.0,71.98099866825926,54900,27450.0,1485.930377960205
27500.0,550.0,100.0,16.0,68.96759021290268,55000,27500.0,1487.3803358078003
27550.0,551.0,100.0,14.0,70.73341388780443,55100,27550.0,1488.7940962314606
27600.0,552.0,100.0,10.0,71.15643560257956,55200,27600.0,1490.1994514465332
27650.0,553.0,100.0,14.0,70.59942376597567,55300,27650.0,1491.6158957481384
27700.0,554.0,100.0,13.0,73.47679832553713,55400,27700.0,1492.9768707752228
27750.0,555.0,100.0,18.0,72.15646875252675,55500,27750.0,1494.3627490997314
27800.0,556.0,100.0,13.0,73.51092453705846,55600,27800.0,1495.7230927944183
27850.0,557.0,100.0,16.0,71.92963411323483,55700,27850.0,1497.113341808319
27900.0,558.0,100.0,13.0,69.95970519642508,55800,27900.0,1498.5427372455597
27950.0,559.0,100.0,13.0,71.65715578270971,55900,27950.0,1499.9382729530334
28000.0,560.0,100.0,12.0,70.86911099505085,56000,28000.0,1501.3493258953094
28050.0,561.0,100.0,11.0,3.66959846391278,56100,28050.0,1528.600264787674
28100.0,562.0,100.0,13.0,73.41306083670821,56200,28100.0,1529.962421655655
28150.0,563.0,100.0,0.0,72.00483568241954,56300,28150.0,1531.351218700409
28200.0,564.0,100.0,13.0,69.39662075857551,56400,28200.0,1532.7922122478485
28250.0,565.0,100.0,17.0,69.30258464703765,56500,28250.0,1534.2351610660553
28300.0,566.0,100.0,13.0,69.2057540562209,56600,28300.0,1535.6801283359528
28350.0,567.0,100.0,20.0,69.13819730519037,56700,28350.0,1537.1265082359314
28400.0,568.0,100.0,11.0,68.51181048857109,56800,28400.0,1538.5861113071442
28450.0,569.0,100.0,10.0,68.64654664484452,56900,28450.0,1540.0428504943848
28500.0,570.0,100.0,14.0,69.27050268176656,57000,28500.0,1541.4864673614502
28550.0,571.0,100.0,11.0,71.28147633393682,57100,28550.0,1542.8893580436707
28600.0,572.0,100.0,14.0,71.397573441483,57200,28600.0,1544.2899668216705
28650.0,573.0,100.0,11.0,71.93153382620756,57300,28650.0,1545.6801788806915
28700.0,574.0,100.0,12.0,71.13382042505228,57400,28700.0,1547.0859811306
28750.0,575.0,100.0,17.0,71.03487637541768,57500,28750.0,1548.4937415122986
28800.0,576.0,100.0,13.0,66.40994449297371,57600,28800.0,1549.9995410442352
28850.0,577.0,100.0,13.0,68.16471913994516,57700,28850.0,1551.4665768146515
28900.0,578.0,100.0,17.0,70.21626515382843,57800,28900.0,1552.8907494544983
28950.0,579.0,100.0,13.0,70.29486340003041,57900,28950.0,1554.3133296966553
29000.0,580.0,100.0,13.0,68.80169390156723,58000,29000.0,1555.7667832374573
29050.0,581.0,100.0,9.0,3.684958238497636,58100,29050.0,1582.9041340351105
29100.0,582.0,100.0,11.0,71.12462882298966,58200,29100.0,1584.3101181983948
29150.0,583.0,100.0,8.0,73.87168041841382,58300,29150.0,1585.6638188362122
29200.0,584.0,100.0,16.0,71.33245282518286,58400,29200.0,1587.0657060146332
29250.0,585.0,100.0,14.0,70.39027858869161,58500,29250.0,1588.4863591194153
29300.0,586.0,100.0,14.0,71.39028199160025,58600,29300.0,1589.887110710144
29350.0,587.0,100.0,13.0,71.57333371557617,58700,29350.0,1591.2842807769775
29400.0,588.0,100.0,16.0,68.3054442365718,58800,29400.0,1592.7482941150665
29450.0,589.0,100.0,5.0,69.78545439782879,58900,29450.0,1594.1812586784363
29500.0,590.0,100.0,16.0,75.37148404213453,59000,29500.0,1595.5080213546753
29550.0,591.0,100.0,0.0,70.70789590138025,59100,29550.0,1596.9222927093506
29600.0,592.0,100.0,10.0,70.072235663548,59200,29600.0,1598.3493919372559
29650.0,593.0,100.0,11.0,74.33978155542857,59300,29650.0,1599.6945683956146
29700.0,594.0,100.0,15.0,69.52109009920044,59400,29700.0,1601.1329817771912
29750.0,595.0,100.0,11.0,72.14670073175259,59500,29750.0,1602.519047498703
29800.0,596.0,100.0,8.0,68.63872789613491,59600,29800.0,1603.9759521484375
29850.0,597.0,100.0,17.0,71.01023445053761,59700,29850.0,1605.3842010498047
29900.0,598.0,100.0,13.0,71.15280220615378,59800,29900.0,1606.7896285057068
29950.0,599.0,100.0,11.0,69.42831400577468,59900,29950.0,1608.2299642562866
30000.0,600.0,100.0,15.0,70.97808976842242,60000,30000.0,1609.638850927353
30050.0,601.0,100.0,13.0,3.6648640349234656,60100,30050.0,1636.9249942302704
30100.0,602.0,100.0,15.0,70.38412447924725,60200,30100.0,1638.3457703590393
30150.0,603.0,100.0,6.0,71.52161001652858,60300,30150.0,1639.7439506053925
30200.0,604.0,100.0,13.0,72.78141234293004,60400,30200.0,1641.117928981781
30250.0,605.0,100.0,11.0,70.9172808355797,60500,30250.0,1642.5280239582062
30300.0,606.0,100.0,12.0,71.42870036946431,60600,30300.0,1643.9280226230621
30350.0,607.0,100.0,14.0,70.66593860528621,60700,30350.0,1645.3431332111359
30400.0,608.0,100.0,13.0,71.6563355651565,60800,30400.0,1646.7386844158173
30450.0,609.0,100.0,14.0,72.3032572549267,60900,30450.0,1648.121749162674
30500.0,610.0,100.0,13.0,72.82989080475538,61000,30500.0,1649.494812965393
30550.0,611.0,100.0,14.0,72.27939666070644,61100,30550.0,1650.8783342838287
30600.0,612.0,100.0,13.0,72.62992350687406,61200,30600.0,1652.255178451538
30650.0,613.0,100.0,16.0,69.87592840452199,61300,30650.0,1653.6862876415253
30700.0,614.0,100.0,11.0,68.93443534972486,61400,30700.0,1655.1369423866272
30750.0,615.0,100.0,12.0,70.67575038675908,61500,30750.0,1656.5518565177917
30800.0,616.0,100.0,13.0,70.99376793017049,61600,30800.0,1657.9604322910309
30850.0,617.0,100.0,13.0,69.35962259458287,61700,30850.0,1659.4021952152252
30900.0,618.0,100.0,11.0,69.34782224104872,61800,30900.0,1660.8442025184631
30950.0,619.0,100.0,12.0,69.01817165783488,61900,30950.0,1662.2930974960327
31000.0,620.0,100.0,16.0,68.67178999023209,62000,31000.0,1663.749300956726
31050.0,621.0,100.0,14.0,3.664410139563369,62100,31050.0,1691.0388238430023
31100.0,622.0,100.0,15.0,69.91137034189249,62200,31100.0,1692.4692080020905
31150.0,623.0,100.0,9.0,68.66661842561508,62300,31150.0,1693.925520658493
31200.0,624.0,100.0,11.0,72.1129984144543,62400,31200.0,1695.31223487854
31250.0,625.0,100.0,17.0,69.40036408558163,62500,31250.0,1696.7531504631042
31300.0,626.0,100.0,14.0,69.48808027826352,62600,31300.0,1698.192247390747
31350.0,627.0,100.0,13.0,71.9257486492178,62700,31350.0,1699.582571029663
31400.0,628.0,100.0,15.0,70.89395462405855,62800,31400.0,1700.9931297302246
31450.0,629.0,100.0,16.0,71.11014661802005,62900,31450.0,1702.3993999958038
31500.0,630.0,100.0,8.0,70.60767184121327,63000,31500.0,1703.815678358078
31550.0,631.0,100.0,19.0,71.0127231219224,63100,31550.0,1705.2238788604736
31600.0,632.0,100.0,8.0,70.48101401956319,63200,31600.0,1706.6427013874054
31650.0,633.0,100.0,17.0,69.86199674567295,63300,31650.0,1708.0740962028503
31700.0,634.0,100.0,12.0,73.37404475457339,63400,31700.0,1709.4369778633118
31750.0,635.0,100.0,15.0,71.9290790212455,63500,31750.0,1710.8272368907928
31800.0,636.0,100.0,10.0,71.4358901690629,63600,31800.0,1712.2270948886871
31850.0,637.0,100.0,12.0,72.764038503508,63700,31850.0,1713.601401567459
31900.0,638.0,100.0,5.0,69.0527485908103,63800,31900.0,1715.049571275711
31950.0,639.0,100.0,14.0,67.56409465439862,63900,31950.0,1716.5296485424042
32000.0,640.0,100.0,11.0,70.73708808625184,64000,32000.0,1717.943335533142
32050.0,641.0,100.0,15.0,3.665281784598945,64100,32050.0,1745.2263689041138
32100.0,642.0,100.0,11.0,69.81466830698717,64200,32100.0,1746.6587340831757
32150.0,643.0,100.0,16.0,69.99112074962834,64300,32150.0,1748.08748793602
32200.0,644.0,100.0,14.0,70.77119999784023,64400,32200.0,1749.5004932880402
32250.0,645.0,100.0,13.0,69.77013123286231,64500,32250.0,1750.9337723255157
32300.0,646.0,100.0,13.0,71.96118975445754,64600,32300.0,1752.3234114646912
32350.0,647.0,100.0,10.0,73.15014103141199,64700,32350.0,1753.6904637813568
32400.0,648.0,100.0,15.0,71.78338665353643,64800,32400.0,1755.0835454463959
32450.0,649.0,100.0,13.0,71.39397614007184,64900,32450.0,1756.484225988388
32500.0,650.0,100.0,12.0,69.58498732248114,65000,32500.0,1757.9213182926178
32550.0,651.0,100.0,16.0,71.5182441003004,65100,32550.0,1759.3195643424988
32600.0,652.0,100.0,12.0,70.05999266377717,65200,32600.0,1760.7469143867493
32650.0,653.0,100.0,15.0,70.88920975076829,65300,32650.0,1762.1575679779053
32700.0,654.0,100.0,9.0,73.2473940906176,65400,32700.0,1763.5228052139282
32750.0,655.0,100.0,13.0,69.74036317563355,65500,32750.0,1764.9566962718964
32800.0,656.0,100.0,13.0,70.87986564557937,65600,32800.0,1766.3675355911255
32850.0,657.0,100.0,12.0,70.10122156815129,65700,32850.0,1767.7940454483032
32900.0,658.0,100.0,13.0,70.55361905085515,65800,32900.0,1769.2114086151123
32950.0,659.0,100.0,14.0,72.19705855318217,65900,32950.0,1770.596507549286
33000.0,660.0,100.0,13.0,71.59774474915379,66000,33000.0,1771.993201494217
33050.0,661.0,100.0,14.0,3.6810853503448118,66100,33050.0,1799.1591033935547
33100.0,662.0,100.0,17.0,70.08320649704774,66200,33100.0,1800.5859797000885
33150.0,663.0,100.0,17.0,71.33229511606474,66300,33150.0,1801.9878709316254
33200.0,664.0,100.0,9.0,69.96325277188862,66400,33200.0,1803.417194366455
33250.0,665.0,100.0,13.0,66.64364868027651,66500,33250.0,1804.9177136421204
33300.0,666.0,100.0,11.0,70.18297956859504,66600,33300.0,1806.3425614833832
33350.0,667.0,100.0,11.0,69.49292727928234,66700,33350.0,1807.7815580368042
33400.0,668.0,100.0,15.0,70.90713816101449,66800,33400.0,1809.1918547153473
33450.0,669.0,100.0,14.0,69.95860832156878,66900,33450.0,1810.621272802353
33500.0,670.0,100.0,16.0,72.0819289059722,67000,33500.0,1812.008584022522
33550.0,671.0,100.0,16.0,71.06163022946635,67100,33550.0,1813.4158153533936
33600.0,672.0,100.0,12.0,68.58866723923315,67200,33600.0,1814.8737828731537
33650.0,673.0,100.0,14.0,72.26608393939806,67300,33650.0,1816.2575590610504
33700.0,674.0,100.0,15.0,71.67619745173187,67400,33700.0,1817.6527235507965
33750.0,675.0,100.0,11.0,69.6119770393387,67500,33750.0,1819.0892598628998
33800.0,676.0,100.0,10.0,71.15952609222549,67600,33800.0,1820.4945545196533
33850.0,677.0,100.0,13.0,68.4658461154733,67700,33850.0,1821.9551379680634
33900.0,678.0,100.0,15.0,70.77774445956233,67800,33900.0,1823.3680126667023
33950.0,679.0,100.0,8.0,70.95163881500743,67900,33950.0,1824.777424812317
34000.0,680.0,100.0,0.0,73.29889082734539,68000,34000.0,1826.1417033672333
34050.0,681.0,100.0,14.0,3.691346552177974,68100,34050.0,1853.2320897579193
34100.0,682.0,100.0,10.0,70.90948774228822,68200,34100.0,1854.642339706421
34150.0,683.0,100.0,11.0,70.74370976469048,68300,34150.0,1856.0558943748474
34200.0,684.0,100.0,12.0,70.88069214018151,68400,34200.0,1857.4667167663574
34250.0,685.0,100.0,13.0,71.03625990883155,68500,34250.0,1858.8744494915009
34300.0,686.0,100.0,9.0,70.95163881500743,68600,34300.0,1860.283861875534
34350.0,687.0,100.0,14.0,69.84532563147654,68700,34350.0,1861.71559882164
34400.0,688.0,100.0,10.0,72.58573027131666,68800,34400.0,1863.093281030655
34450.0,689.0,100.0,12.0,71.15052096082543,68900,34450.0,1864.4987533092499
34500.0,690.0,100.0,14.0,73.09084059004465,69000,34500.0,1865.8669159412384
34550.0,691.0,100.0,8.0,71.3418317056929,69100,34550.0,1867.2686195373535
34600.0,692.0,100.0,8.0,68.3293797806939,69200,34600.0,1868.7321200370789
34650.0,693.0,100.0,16.0,69.99727641212691,69300,34650.0,1870.1607480049133
34700.0,694.0,100.0,14.0,71.73454873020751,69400,34700.0,1871.554777622223
34750.0,695.0,100.0,5.0,70.59375581716701,69500,34750.0,1872.971334695816
34800.0,696.0,100.0,8.0,69.56899046854487,69600,34800.0,1874.4087581634521
34850.0,697.0,100.0,19.0,70.63881559047681,69700,34850.0,1875.824411392212
34900.0,698.0,100.0,12.0,71.01800160617057,69800,34900.0,1877.2325065135956
34950.0,699.0,100.0,12.0,71.7695682810398,69900,34950.0,1878.6258566379547
35000.0,700.0,100.0,12.0,67.13133420018349,70000,35000.0,1880.1154758930206
35050.0,701.0,100.0,17.0,3.6765049669277907,70100,35050.0,1907.315222978592
35100.0,702.0,100.0,16.0,69.91647470478934,70200,35100.0,1908.7455019950867
35150.0,703.0,100.0,15.0,70.94364617484328,70300,35150.0,1910.155072927475
35200.0,704.0,100.0,8.0,70.66984393947232,70400,35200.0,1911.5701048374176
35250.0,705.0,100.0,19.0,71.41303624212816,70500,35250.0,1912.970410823822
35300.0,706.0,100.0,16.0,70.9265508520377,70600,35300.0,1914.3803210258484
35350.0,707.0,100.0,16.0,71.99234059761326,70700,35350.0,1915.769359111786
35400.0,708.0,100.0,14.0,72.1753793105703,70800,35400.0,1917.1548745632172
35450.0,709.0,100.0,14.0,72.48397397678676,70900,35450.0,1918.5344908237457
35500.0,710.0,100.0,12.0,72.43340288324147,71000,35500.0,1919.9150702953339
35550.0,711.0,100.0,12.0,72.50502433426922,71100,35550.0,1921.2942862510681
35600.0,712.0,100.0,6.0,70.92891371465205,71200,35600.0,1922.7041499614716
35650.0,713.0,100.0,9.0,73.03180152948224,71300,35650.0,1924.0734174251556
35700.0,714.0,100.0,14.0,72.75564496222756,71400,35700.0,1925.4478821754456
35750.0,715.0,100.0,12.0,71.26481114069973,71500,35750.0,1926.8511004447937
35800.0,716.0,100.0,12.0,70.66385514319428,71600,35800.0,1928.2662525177002
35850.0,717.0,100.0,12.0,71.25174846320404,71700,35850.0,1929.6697278022766
35900.0,718.0,100.0,9.0,72.66514313077444,71800,35900.0,1931.0459048748016
35950.0,719.0,100.0,10.0,70.12118014387008,71900,35950.0,1932.472008228302
36000.0,720.0,100.0,12.0,71.4508583532333,72000,36000.0,1933.8715732097626
36050.0,721.0,100.0,14.0,3.6554051946515136,72100,36050.0,1961.228322505951
36100.0,722.0,100.0,16.0,72.68389303730454,72200,36100.0,1962.6041445732117
36150.0,723.0,100.0,10.0,71.72839039579607,72300,36150.0,1963.998294353485
36200.0,724.0,100.0,11.0,69.05033855920135,72400,36200.0,1965.4465143680573
36250.0,725.0,100.0,12.0,70.58099735130097,72500,36250.0,1966.8633272647858
36300.0,726.0,100.0,11.0,71.1436056982678,72600,36300.0,1968.2689366340637
36350.0,727.0,100.0,13.0,70.1113810907564,72700,36350.0,1969.6952397823334
36400.0,728.0,100.0,16.0,68.6982671078062,72800,36400.0,1971.150881767273
36450.0,729.0,100.0,12.0,70.98624635384095,72900,36450.0,1972.5596060752869
36500.0,730.0,100.0,11.0,71.03788412552166,73000,36500.0,1973.9673070907593
36550.0,731.0,100.0,13.0,70.03495816908426,73100,36550.0,1975.3951668739319
36600.0,732.0,100.0,13.0,69.6449890625109,73200,36600.0,1976.8310220241547
36650.0,733.0,100.0,8.0,67.40543713853963,73300,36650.0,1978.3145961761475
36700.0,734.0,100.0,12.0,69.49765980196425,73400,36700.0,1979.7534952163696
36750.0,735.0,100.0,16.0,67.63952584161888,73500,36750.0,1981.231921672821
36800.0,736.0,100.0,14.0,71.61456603676939,73600,36800.0,1982.62828707695
36850.0,737.0,100.0,12.0,71.77023144136486,73700,36850.0,1984.021624326706
36900.0,738.0,100.0,15.0,70.98291862501463,73800,36900.0,1985.4304149150848
36950.0,739.0,100.0,16.0,72.34862957236848,73900,36950.0,1986.8126125335693
37000.0,740.0,100.0,14.0,71.94224317631657,74000,37000.0,1988.2026176452637
37050.0,741.0,100.0,10.0,3.6902582659225214,74100,37050.0,2015.3009934425354
37100.0,742.0,100.0,10.0,69.63351915314246,74200,37100.0,2016.7370853424072
37150.0,743.0,100.0,11.0,71.6081226475944,74300,37150.0,2018.1335761547089
37200.0,744.0,100.0,14.0,71.64806098765689,74400,37200.0,2019.5292885303497
37250.0,745.0,100.0,11.0,73.10305738261222,74500,37250.0,2020.8972218036652
37300.0,746.0,100.0,15.0,70.60559181344237,74600,37300.0,2022.313541173935
37350.0,747.0,100.0,11.0,71.1562545275272,74700,37350.0,2023.7189009189606
37400.0,748.0,100.0,10.0,73.76447307422553,74800,37400.0,2025.0745680332184
37450.0,749.0,100.0,16.0,68.99083462167751,74900,37450.0,2026.5240368843079
37500.0,750.0,100.0,12.0,69.06287938401826,75000,37500.0,2027.971994638443
37550.0,751.0,100.0,9.0,70.41972925794838,75100,37550.0,2029.392051935196
37600.0,752.0,100.0,12.0,71.15061751850943,75200,37600.0,2030.7975225448608
37650.0,753.0,100.0,16.0,71.89126659836863,75300,37650.0,2032.1885132789612
37700.0,754.0,100.0,10.0,71.63247178501706,75400,37700.0,2033.5845291614532
37750.0,755.0,100.0,11.0,70.37833752709051,75500,37750.0,2035.0054223537445
37800.0,756.0,100.0,9.0,71.17378686675787,75600,37800.0,2036.4104351997375
37850.0,757.0,100.0,17.0,73.02681704155924,75700,37850.0,2037.7797966003418
37900.0,758.0,100.0,8.0,71.00798638045671,75800,37900.0,2039.1880903244019
37950.0,759.0,100.0,7.0,69.14370231260183,75900,37950.0,2040.6343550682068
38000.0,760.0,100.0,11.0,72.82847445996408,76000,38000.0,2042.0074455738068
38050.0,761.0,100.0,11.0,3.657769782196992,76100,38050.0,2069.3465101718903
38100.0,762.0,100.0,9.0,72.12823932320619,76200,38100.0,2070.7329308986664
38150.0,763.0,100.0,15.0,70.24227642167499,76300,38150.0,2072.156576395035
38200.0,764.0,100.0,15.0,68.73700724636137,76400,38200.0,2073.6113979816437
38250.0,765.0,100.0,11.0,71.59982253271221,76500,38250.0,2075.008050441742
38300.0,766.0,100.0,11.0,72.24970195282268,76600,38300.0,2076.3921406269073
38350.0,767.0,100.0,18.0,69.45622893922325,76700,38350.0,2077.8318979740143
38400.0,768.0,100.0,12.0,72.5592602190598,76800,38400.0,2079.210083246231
38450.0,769.0,100.0,16.0,70.39976582109148,76900,38450.0,2080.6305434703827
38500.0,770.0,100.0,14.0,69.75263391069383,77000,38500.0,2082.064182281494
38550.0,771.0,100.0,12.0,73.15460647889353,77100,38550.0,2083.431151151657
38600.0,772.0,100.0,11.0,71.89168555957724,77200,38600.0,2084.8221340179443
38650.0,773.0,100.0,11.0,71.59684033986403,77300,38650.0,2086.2188453674316
38700.0,774.0,100.0,12.0,72.267876948132,77400,38700.0,2087.602587223053
38750.0,775.0,100.0,15.0,71.7384258336764,77500,38750.0,2088.9965415000916
38800.0,776.0,100.0,13.0,71.76142714476092,77600,38800.0,2090.3900487422943
38850.0,777.0,100.0,6.0,73.87276031083489,77700,38850.0,2091.7437291145325
38900.0,778.0,100.0,13.0,73.54838392910688,77800,38900.0,2093.1033794879913
38950.0,779.0,100.0,16.0,69.81081043744105,77900,38950.0,2094.535823583603
39000.0,780.0,100.0,16.0,69.8274999521365,78000,39000.0,2095.9679255485535
39050.0,781.0,100.0,11.0,3.664512621203554,78100,39050.0,2123.256685733795
39100.0,782.0,100.0,7.0,69.9218712230506,78200,39100.0,2124.6868546009064
39150.0,783.0,100.0,10.0,71.21079975952392,78300,39150.0,2126.091137647629
39200.0,784.0,100.0,16.0,70.0314500902629,78400,39200.0,2127.5190687179565
39250.0,785.0,100.0,10.0,69.96143226059128,78500,39250.0,2128.948429107666
39300.0,786.0,100.0,11.0,71.70251732129648,78600,39300.0,2130.343081474304
39350.0,787.0,100.0,9.0,72.13796512414862,78700,39350.0,2131.7293157577515
39400.0,788.0,100.0,13.0,69.13447081019265,78800,39400.0,2133.1757740974426
39450.0,789.0,100.0,16.0,69.74817976099095,78900,39450.0,2134.6095044612885
39500.0,790.0,100.0,13.0,68.819643253276,79000,39500.0,2136.0625791549683
39550.0,791.0,100.0,14.0,68.37034611242342,79100,39550.0,2137.5252027511597
39600.0,792.0,100.0,8.0,69.1446483959324,79200,39600.0,2138.9714477062225
39650.0,793.0,100.0,5.0,73.94828790562386,79300,39650.0,2140.323745250702
39700.0,794.0,100.0,14.0,72.54658453849257,79400,39700.0,2141.702171564102
39750.0,795.0,100.0,8.0,70.84438050032371,79500,39750.0,2143.113717317581
39800.0,796.0,100.0,11.0,71.76005205220756,79600,39800.0,2144.5072519779205
39850.0,797.0,100.0,10.0,71.53729741309249,79700,39850.0,2145.905125141144
39900.0,798.0,100.0,14.0,72.0046008188771,79800,39900.0,2147.2939262390137
39950.0,799.0,100.0,13.0,70.6417423026461,79900,39950.0,2148.7095215320587
40000.0,800.0,100.0,12.0,71.8308764067573,80000,40000.0,2150.101681470871
40050.0,801.0,100.0,11.0,3.6973988480554763,80100,40050.0,2177.147723674774
40100.0,802.0,100.0,13.0,73.21954460534663,80200,40100.0,2178.513480901718
40150.0,803.0,100.0,17.0,70.69719336977835,80300,40150.0,2179.927965402603
40200.0,804.0,100.0,11.0,71.94049096769756,80400,40200.0,2181.318004131317
40250.0,805.0,100.0,12.0,72.95493558984417,80500,40250.0,2182.688714504242
40300.0,806.0,100.0,14.0,70.93467160253215,80600,40300.0,2184.098463535309
40350.0,807.0,100.0,14.0,71.27905358338221,80700,40350.0,2185.5014011859894
40400.0,808.0,100.0,9.0,72.71898852687104,80800,40400.0,2186.8765592575073
40450.0,809.0,100.0,17.0,72.8184983775013,80900,40450.0,2188.2498376369476
40500.0,810.0,100.0,9.0,73.07694720094112,81000,40500.0,2189.618259906769
40550.0,811.0,100.0,13.0,72.21590335822656,81100,40550.0,2191.002997636795
40600.0,812.0,100.0,15.0,71.67253527745378,81200,40600.0,2192.3982331752777
40650.0,813.0,100.0,7.0,70.4084282549997,81300,40650.0,2193.818519115448
40700.0,814.0,100.0,12.0,70.94895039870792,81400,40700.0,2195.227984189987
40750.0,815.0,100.0,11.0,73.1932234339548,81500,40750.0,2196.5942318439484
40800.0,816.0,100.0,12.0,68.63604342052403,81600,40800.0,2198.051193714142
40850.0,817.0,100.0,10.0,71.16136119747374,81700,40850.0,2199.4564521312714
40900.0,818.0,100.0,14.0,68.27418971784489,81800,40900.0,2200.9211354255676
40950.0,819.0,100.0,11.0,70.76859688056952,81900,40950.0,2202.3341932296753
41000.0,820.0,100.0,15.0,68.68152813675312,82000,41000.0,2203.790190219879
41050.0,821.0,100.0,10.0,3.670971769621224,82100,41050.0,2231.03093457222
41100.0,822.0,100.0,6.0,70.30790754090688,82200,41100.0,2232.4532508850098
41150.0,823.0,100.0,10.0,71.6749970992015,82300,41150.0,2233.848438978195
41200.0,824.0,100.0,13.0,69.93957018795939,82400,41200.0,2235.2782456874847
41250.0,825.0,100.0,14.0,71.99446606257949,82500,41250.0,2236.667242527008
41300.0,826.0,100.0,7.0,72.17454718658401,82600,41300.0,2238.0527737140656
41350.0,827.0,100.0,11.0,71.91562374566142,82700,41350.0,2239.443293571472
41400.0,828.0,100.0,10.0,71.4235430968291,82800,41400.0,2240.843393802643
41450.0,829.0,100.0,15.0,70.96812181944067,82900,41450.0,2242.2524783611298
41500.0,830.0,100.0,12.0,70.40991751020105,83000,41500.0,2243.6727340221405
41550.0,831.0,100.0,12.0,69.35751222680678,83100,41550.0,2245.1145401000977
41600.0,832.0,100.0,13.0,70.35895226774589,83200,41600.0,2246.5358250141144
41650.0,833.0,100.0,9.0,70.81746711000073,83300,41650.0,2247.947907447815
41700.0,834.0,100.0,7.0,70.26678838212645,83400,41700.0,2249.371056318283
41750.0,835.0,100.0,16.0,72.02515099457567,83500,41750.0,2250.7594623565674
41800.0,836.0,100.0,12.0,72.10166801668429,83600,41800.0,2252.1463940143585
41850.0,837.0,100.0,11.0,70.97039138332316,83700,41850.0,2253.555433511734
41900.0,838.0,100.0,16.0,71.47793870793477,83800,41900.0,2254.954468011856
41950.0,839.0,100.0,8.0,67.08118362039089,83900,41950.0,2256.445200443268
42000.0,840.0,100.0,11.0,69.65668254615417,84000,42000.0,2257.8808138370514
42050.0,841.0,100.0,9.0,3.6821237849597868,84100,42050.0,2285.039055585861
42100.0,842.0,100.0,13.0,66.21129311670308,84200,42100.0,2286.549372434616
42150.0,843.0,100.0,13.0,72.75858563675455,84300,42150.0,2287.9237825870514
42200.0,844.0,100.0,16.0,64.8784869465871,84400,42200.0,2289.4651272296906
42250.0,845.0,100.0,16.0,70.29309627361306,84500,42250.0,2290.8877427577972
42300.0,846.0,100.0,14.0,68.85330941426069,84600,42300.0,2292.340107679367
42350.0,847.0,100.0,13.0,69.25330076869885,84700,42350.0,2293.784083366394
42400.0,848.0,100.0,8.0,70.327264678956,84800,42400.0,2295.2060084342957
42450.0,849.0,100.0,17.0,69.03658640963347,84900,42450.0,2296.6545174121857
42500.0,850.0,100.0,12.0,71.6556377829159,85000,42500.0,2298.0500824451447
42550.0,851.0,100.0,15.0,69.95940180206627,85100,42550.0,2299.4794845581055
42600.0,852.0,100.0,17.0,71.19712842087252,85200,42600.0,2300.8840367794037
42650.0,853.0,100.0,12.0,67.523349327512,85300,42650.0,2302.3650074005127
42700.0,854.0,100.0,7.0,68.96520880112493,85400,42700.0,2303.815015554428
42750.0,855.0,100.0,13.0,73.33810911549006,85500,42750.0,2305.178564310074
42800.0,856.0,100.0,14.0,70.69059231018281,85600,42800.0,2306.5931808948517
42850.0,857.0,100.0,11.0,69.77969581318897,85700,42850.0,2308.0262637138367
42900.0,858.0,100.0,9.0,69.18091543435753,85800,42900.0,2309.4717502593994
42950.0,859.0,100.0,15.0,70.93036509410192,85900,42950.0,2310.881585121155
43000.0,860.0,100.0,17.0,67.71510378113172,86000,43000.0,2312.358362197876
43050.0,861.0,100.0,13.0,3.7138198975536367,86100,43050.0,2339.2848172187805
43100.0,862.0,100.0,11.0,71.5080629129871,86200,43100.0,2340.6832625865936
43150.0,863.0,100.0,13.0,71.3736873443068,86300,43150.0,2342.08434009552
43200.0,864.0,100.0,16.0,70.64250376345336,86400,43200.0,2343.4999198913574
43250.0,865.0,100.0,9.0,69.06999886867787,86500,43250.0,2344.9477281570435
43300.0,866.0,100.0,12.0,70.51454740473493,86600,43300.0,2346.365876197815
43350.0,867.0,100.0,12.0,71.7830058093127,86700,43350.0,2347.758964776993
43400.0,868.0,100.0,14.0,71.6126218939807,86800,43400.0,2349.1553683280945
43450.0,869.0,100.0,13.0,69.97583556169806,86900,43450.0,2350.58443403244
43500.0,870.0,100.0,13.0,71.05704345516175,87000,43500.0,2351.991755962372
43550.0,871.0,100.0,16.0,70.64150434951031,87100,43550.0,2353.4073555469513
43600.0,872.0,100.0,14.0,71.43343257898238,87200,43600.0,2354.8072621822357
43650.0,873.0,100.0,8.0,70.85586977385033,87300,43650.0,2356.2185785770416
43700.0,874.0,100.0,13.0,71.87872466839902,87400,43700.0,2357.6098124980927
43750.0,875.0,100.0,7.0,71.28669792131225,87500,43750.0,2359.0125999450684
43800.0,876.0,100.0,11.0,70.65622476821503,87600,43800.0,2360.4279046058655
43850.0,877.0,100.0,11.0,71.58049158273407,87700,43850.0,2361.824934720993
43900.0,878.0,100.0,11.0,69.18999955295348,87800,43900.0,2363.2702317237854
43950.0,879.0,100.0,11.0,67.74408675266237,87900,43950.0,2364.746376514435
44000.0,880.0,100.0,15.0,70.56193952200022,88000,44000.0,2366.1635723114014
44050.0,881.0,100.0,15.0,3.7049568553093253,88100,44050.0,2393.1544411182404
44100.0,882.0,100.0,12.0,69.5894899280911,88200,44100.0,2394.5914409160614
44150.0,883.0,100.0,10.0,70.01797064433065,88300,44150.0,2396.019647359848
44200.0,884.0,100.0,16.0,70.00297749786034,88400,44200.0,2397.448159456253
44250.0,885.0,100.0,8.0,71.27860539258171,88500,44250.0,2398.8511061668396
44300.0,886.0,100.0,17.0,71.25795838830054,88600,44300.0,2400.254459619522
44350.0,887.0,100.0,14.0,71.70279924944884,88700,44350.0,2401.6491062641144
44400.0,888.0,100.0,14.0,72.60853661471049,88800,44400.0,2403.026355743408
44450.0,889.0,100.0,12.0,68.56104171229988,88900,44450.0,2404.4849112033844
44500.0,890.0,100.0,10.0,72.81811911271112,89000,44500.0,2405.858197450638
44550.0,891.0,100.0,20.0,71.97392104000097,89100,44550.0,2407.2475905418396
44600.0,892.0,100.0,15.0,70.21678236919766,89200,44600.0,2408.671753168106
44650.0,893.0,100.0,11.0,70.38275442092146,89300,44650.0,2410.09255695343
44700.0,894.0,100.0,9.0,71.77480021219434,89400,44700.0,2411.4858050346375
44750.0,895.0,100.0,11.0,72.6246416214657,89500,44750.0,2412.86274933815
44800.0,896.0,100.0,13.0,70.03525052485061,89600,44800.0,2414.2906033992767
44850.0,897.0,100.0,10.0,70.25747817720352,89700,44850.0,2415.7139406204224
44900.0,898.0,100.0,8.0,71.04806424149577,89800,44900.0,2417.121439933777
44950.0,899.0,100.0,15.0,70.67609575394503,89900,44950.0,2418.536346435547
45000.0,900.0,100.0,7.0,74.58738949187156,90000,45000.0,2419.877056837082
45050.0,901.0,100.0,15.0,3.6710619911042977,90100,45050.0,2447.117131948471
45100.0,902.0,100.0,10.0,69.13667019138128,90200,45100.0,2448.5635435581207
45150.0,903.0,100.0,15.0,69.67594892129713,90300,45150.0,2449.99875998497
45200.0,904.0,100.0,14.0,70.87021265774618,90400,45200.0,2451.4097917079926
45250.0,905.0,100.0,15.0,71.3323921677472,90500,45250.0,2452.8116805553436
45300.0,906.0,100.0,12.0,69.08260372798317,90600,45300.0,2454.259224653244
45350.0,907.0,100.0,8.0,74.7102826245099,90700,45350.0,2455.597729444504
45400.0,908.0,100.0,16.0,73.02309183546447,90800,45400.0,2456.9671609401703
45450.0,909.0,100.0,16.0,69.45423920001934,90900,45450.0,2458.406959295273
45500.0,910.0,100.0,13.0,72.2212254402782,91000,45500.0,2459.791594982147
45550.0,911.0,100.0,15.0,72.64043926095702,91100,45550.0,2461.168239593506
45600.0,912.0,100.0,14.0,66.95118057949917,91200,45600.0,2462.661866426468
45650.0,913.0,100.0,9.0,71.1598762036837,91300,45650.0,2464.0671536922455
45700.0,914.0,100.0,7.0,74.18103458948531,91400,45700.0,2465.4152085781097
45750.0,915.0,100.0,12.0,72.32380368735,91500,45750.0,2466.797880411148
45800.0,916.0,100.0,9.0,71.98391411709221,91600,45800.0,2468.187080860138
45850.0,917.0,100.0,14.0,70.36370904953638,91700,45850.0,2469.6082694530487
45900.0,918.0,100.0,14.0,72.03711308405902,91800,45900.0,2470.9964439868927
45950.0,919.0,100.0,13.0,70.69123568054259,91900,45950.0,2472.4110476970673
46000.0,920.0,100.0,12.0,70.79291602296873,92000,46000.0,2473.8236198425293
46050.0,921.0,100.0,10.0,3.689308046627996,92100,46050.0,2500.928974866867
46100.0,922.0,100.0,11.0,71.68707594843896,92200,46100.0,2502.323928117752
46150.0,923.0,100.0,11.0,71.82206952434085,92300,46150.0,2503.716259241104
46200.0,924.0,100.0,15.0,71.32670295890833,92400,46200.0,2505.118259906769
46250.0,925.0,100.0,12.0,69.83806867944685,92500,46250.0,2506.5501556396484
46300.0,926.0,100.0,14.0,71.15753414431887,92600,46300.0,2507.95547914505
46350.0,927.0,100.0,13.0,68.91400290521955,92700,46350.0,2509.4065647125244
46400.0,928.0,100.0,14.0,70.28348466200099,92800,46400.0,2510.829375267029
46450.0,929.0,100.0,7.0,71.06667516106602,92900,46450.0,2512.236506462097
46500.0,930.0,100.0,12.0,71.11711566901367,93000,46500.0,2513.642638683319
46550.0,931.0,100.0,9.0,71.24135259077052,93100,46550.0,2515.046319246292
46600.0,932.0,100.0,12.0,67.09651824064372,93200,46600.0,2516.5367109775543
46650.0,933.0,100.0,14.0,70.25641901817657,93300,46650.0,2517.960069656372
46700.0,934.0,100.0,13.0,72.01153611930592,93400,46700.0,2519.348737478256
46750.0,935.0,100.0,18.0,68.6078747102288,93500,46750.0,2520.8062982559204
46800.0,936.0,100.0,12.0,70.61991677421365,93600,46800.0,2522.2223308086395
46850.0,937.0,100.0,9.0,70.52464921826554,93700,46850.0,2523.640276193619
46900.0,938.0,100.0,12.0,70.81801713455681,93800,46900.0,2525.052347421646
46950.0,939.0,100.0,11.0,72.22223274501907,93900,46950.0,2526.4369637966156
47000.0,940.0,100.0,12.0,73.24096048714806,94000,47000.0,2527.8023211956024
47050.0,941.0,100.0,12.0,3.6566606503237,94100,47050.0,2555.149678468704
47100.0,942.0,100.0,15.0,70.83720159627174,94200,47100.0,2556.5613672733307
47150.0,943.0,100.0,15.0,72.44135939467317,94300,47150.0,2557.941795349121
47200.0,944.0,100.0,17.0,69.36392401347554,94400,47200.0,2559.383468389511
47250.0,945.0,100.0,11.0,71.85403552628152,94500,47250.0,2560.775179862976
47300.0,946.0,100.0,13.0,70.769456604544,94600,47300.0,2562.1882202625275
47350.0,947.0,100.0,11.0,72.69271097816083,94700,47350.0,2563.563875436783
47400.0,948.0,100.0,12.0,73.10634476642525,94800,47400.0,2564.9317469596863
47450.0,949.0,100.0,8.0,72.01183284645028,94900,47450.0,2566.3204090595245
47500.0,950.0,100.0,10.0,70.40078203993721,95000,47500.0,2567.740849018097
47550.0,951.0,100.0,14.0,70.37007210312412,95100,47550.0,2569.161908864975
47600.0,952.0,100.0,15.0,69.7620776614865,95200,47600.0,2570.5953533649445
47650.0,953.0,100.0,13.0,71.01835032638304,95300,47650.0,2572.0034415721893
47700.0,954.0,100.0,14.0,73.21985137133251,95400,47700.0,2573.369192838669
47750.0,955.0,100.0,10.0,70.4938429923123,95500,47750.0,2574.7877576351166
47800.0,956.0,100.0,14.0,72.49238012359453,95600,47800.0,2576.1672139167786
47850.0,957.0,100.0,14.0,70.55736954813922,95700,47850.0,2577.5845012664795
47900.0,958.0,100.0,14.0,71.62690585655233,95800,47900.0,2578.980626344681
47950.0,959.0,100.0,15.0,72.00007690437901,95900,47950.0,2580.3695151805878
48000.0,960.0,100.0,15.0,69.93158239165683,96000,48000.0,2581.7994854450226
48050.0,961.0,100.0,12.0,3.662318890653817,96100,48050.0,2609.1045911312103
48100.0,962.0,100.0,17.0,69.83226652881038,96200,48100.0,2610.5365958213806
48150.0,963.0,100.0,13.0,69.13161068439454,96300,48150.0,2611.9831137657166
48200.0,964.0,100.0,14.0,70.0399051574122,96400,48200.0,2613.410872220993
48250.0,965.0,100.0,14.0,71.05651378708173,96500,48250.0,2614.818203687668
48300.0,966.0,100.0,12.0,69.83108063673205,96600,48300.0,2616.250232219696
48350.0,967.0,100.0,15.0,69.98138136304307,96700,48350.0,2617.6791849136353
48400.0,968.0,100.0,11.0,68.13264142183849,96800,48400.0,2619.146911382675
48450.0,969.0,100.0,12.0,71.8091337200085,96900,48450.0,2620.5394933223724
48500.0,970.0,100.0,14.0,71.50285760557797,97000,48500.0,2621.938039779663
48550.0,971.0,100.0,13.0,72.31330459745838,97100,48550.0,2623.320912361145
48600.0,972.0,100.0,12.0,70.83900815011782,97200,48600.0,2624.732565164566
48650.0,973.0,100.0,15.0,70.45957175310161,97300,48650.0,2626.1518201828003
48700.0,974.0,100.0,11.0,71.04817255628686,97400,48700.0,2627.5593173503876
48750.0,975.0,100.0,16.0,70.29858643711054,97500,48750.0,2628.9818222522736
48800.0,976.0,100.0,13.0,72.57790528075871,97600,48800.0,2630.3596534729004
48850.0,977.0,100.0,11.0,68.04069492513877,97700,48850.0,2631.8293635845184
48900.0,978.0,100.0,15.0,70.51937267526972,97800,48900.0,2633.247414827347
48950.0,979.0,100.0,17.0,72.05583733671791,97900,48950.0,2634.635228872299
49000.0,980.0,100.0,10.0,73.26561384238939,98000,49000.0,2636.000126838684
49050.0,981.0,100.0,9.0,3.655581024429783,98100,49050.0,2663.355560541153
49100.0,982.0,100.0,12.0,72.72625128549157,98200,49100.0,2664.7305810451508
49150.0,983.0,100.0,0.0,69.77747854714322,98300,49150.0,2666.1637094020844
49200.0,984.0,100.0,10.0,69.54121543729616,98400,49200.0,2667.601706981659
49250.0,985.0,100.0,12.0,71.9201617177556,98500,49250.0,2668.99213886261
49300.0,986.0,100.0,11.0,70.9773090448558,98600,49300.0,2670.4010412693024
49350.0,987.0,100.0,4.0,71.97400749477566,98700,49350.0,2671.7904331684113
49400.0,988.0,100.0,9.0,70.9393985674798,98800,49400.0,2673.200088739395
49450.0,989.0,100.0,13.0,72.5314924512363,98900,49450.0,2674.5788016319275
49500.0,990.0,100.0,13.0,72.37984203562783,99000,49500.0,2675.960402727127
49550.0,991.0,100.0,10.0,71.52551292473295,99100,49550.0,2677.358506679535
49600.0,992.0,100.0,13.0,68.7280979886117,99200,49600.0,2678.8135166168213
49650.0,993.0,100.0,16.0,71.21871969093927,99300,49650.0,2680.2176434993744
49700.0,994.0,100.0,14.0,72.07226774573634,99400,49700.0,2681.6051411628723
49750.0,995.0,100.0,13.0,71.40377234504555,99500,49750.0,2683.0056285858154
49800.0,996.0,100.0,13.0,69.03066671648013,99600,49800.0,2684.454261302948
49850.0,997.0,100.0,12.0,72.47538192829293,99700,49850.0,2685.834042072296
49900.0,998.0,100.0,6.0,69.08823644715198,99800,49900.0,2687.281467437744
49950.0,999.0,100.0,12.0,67.8511666189985,99900,49950.0,2688.755282640457
